1000,5^aDf#8pZk,Aarav,Sharma,aaravsharma,"123, Green Park, Delhi, 110001",110001,aaravsharma44@gmail.com,9156510650,COD
1023,6Gx#Rv2WnB,Yash,Sharma,yashsharma,"456, Rosewood Road, Ranchi, 834001",834001,yashsharma62@gmail.com,2345678901,UPI
1045,7A#Vr2LwXt,Viren,Suri,virensuri,"56, Krishna Street, Jaipur, 302001",302001,virensuri72@gmail.com,7755443311,UPI
1015,T#6VbDq4Lp,Vikram,Srinivasan,vikramsrinivasan,"456, Lotus Street, Guwahati, 781001",781001,vikramsrinivasan100@gmail.com,2398467105,Debit Card
1011,4Rf&H9wSgT,Varun,Mehta,varunmehta,"321, Tulsi Nagar, Bhopal, 462001",462001,varunmehta50@gmail.com,5623018479,UPI
1070,K7#vCm4zJt,Teju,Tole,tejutole,"56, Lake View Road, Kolkata, 700001",700001,tejutol51@gmail.com,8154548456,Debit Card
1037,I1Bn*Vf7Gt,Tarun,Joshi,tarunjoshi,"456, Gandhi Nagar, Delhi, 110001",110001,tarunjoshi100@gmail.com,2233445566,UPI
1022,M3FqT#8sZp,Tanvi,Chauhan,tanvichauhan,"12, Lotus Colony, Vadodara, 390001",390001,tanvichauhan37@gmail.com,3210987654,Debit Card
1034,6MqS#yP7Ht,Swati,Sharma,swatisharma,"56, Ashoka Enclave, Hyderabad, 500001",500001,swatisharma43@gmail.com,6677889900,Net Banking
1033,Lk@8Qn1FvR,Surya,Kumar,suryakumar,"567, Shanti Nagar, Pune, 411001",411001,suryakumar40@gmail.com,5566778899,Credit Card
1069,F@8Wp4CzHx,Sujan,Bottle,sujanbottle,"34, Gokul Enclave, Hyderabad, 500001",500001,sujanbottle3@gmail.com,7305458465,COD
1009,Q@7sF3y#Vz,Siddharth,Joshi,siddharthjoshi,"567, Gandhi Road, Ahmedabad, 380001",380001,siddharthjoshi5@gmail.com,9865427103,Credit Card
1061,Q@7sF3y#Vz,Shubham,More,shubhammore,"231, Rajaji Street, Chennai, 600001",600001,shubhammore28@gmail.com,9123852602,Credit Card
1012,Jv3^NzC$5K,Shruti,Desai,shrutidesai,"789, Jai Nagar, Indore, 452001",452001,shrutidesai98@gmail.com,9012873456,Net Banking
1036,4P#Kv2Rw5G,Shivani,Gupta,shivanigupta,"123, Krishna Colony, Kolkata, 700001",700001,shivanigupta19@gmail.com,8899001122,Credit Card
1026,U3&Vn#Qr6J,Sanya,Sinha,sanyasinha,"123, Diamond Hills, Visakhapatnam, 530001",530001,sanyasinha30@gmail.com,5678901234,UPI
1074,xA9@Cz6DvQ,Santhosh,Dhotre,santhoshdotre,"456, Gandhi Nagar, Delhi, 110001",110001,santhoshdotre1@gmail.com,7845612165,Credit Card
1038,5TjGv#3NzX,Sanjana,Malhotra,sanjanamalhotra,"67, Gokul Street, Mumbai, 400001",400001,sanjanamalhotra27@gmail.com,9641466438,Credit Card
1065,6Gx#Rv2WnB,Sanchari,Banerjee,sancharibanerjee,"456, Gandhi Nagar, Delhi, 110001",110001,sancharibanerjee0@gmail.com,7569852302,COD
1064,M3FqT#8sZp,Saloni,Gajjar,salonigajjar,"56, Lake View Road, Kolkata, 700001",700001,salonigajjar1@gmail.com,7456920320,UPI
1062,E@5Jy6Cz*H,Sakshi,Korde,sakshikorde,"67, Tulsi Lane, Hyderabad, 500001",500001,sakshikorde40@gmail.com,9875465200,UPI
1007,*1TnZv@6Yg,Rohan,Agarwal,rohanagarwal,"890, Surya Nagar, Pune, 411001",411001,rohanagarwal42@gmail.com,8132495670,UPI
1001,$1Gv*Tq9w,Riya,Verma,riyaverma,"56, Lake View Road, Kolkata, 700001",700001,riyaverma33@gmail.com,9123456780,Bank Transfer
1051,@2LrKu$4xZ,Riya, Banerjee,riyabanerjee,"67, Civil Lines, Jaipur, 302001",302001,riyabanerjee52@gmail.com,9620457890,COD
1017,C6zHv*Aq2L,Rishi,Patel,rishipatel,"567, Himalaya Heights, Dehradun, 248001",248001,rishipatel8@gmail.com,1234567890,Bank Transfer
1025,8CkZsP1b*G,Rajat,Kapoor,rajatkapoor,"567, Maple Street, Coimbatore, 641001",641001,rajatkapoor48@gmail.com,9651566438,UPI
1043,E@7Kp2Qv8R,Rahul,Agarwal,rahulagarwal,"231, Ashok Enclave, Bangalore, 560001",560001,rahulagarwal91@gmail.com,2211334455,Credit Card
1072,Lk@8Qn1FvR,Rahul,Marathe,rahulmarathe,"34, Gokul Enclave, Hyderabad, 500001",500001,rahulmarathe75@gmail.com,6245784562,Debit Card
1029,2Nz*WmH5Qs,Raghav,Bansal,raghavbansal,"890, Pacific Palms, Ludhiana, 141001",141001,raghavbansal36@gmail.com,8901234567,Credit Card
1030,W1s*GkRq8B,Radhika,Jain,radhikajain,"456, Lotus Lane, Kanpur, 208001",208001,radhikajain100@gmail.com,9012345678,Bank Transfer
1032,3V#SgHx5Wp,Priyanka,Rawat,priyankarawat,"231, Rajaji Road, Jaipur, 302001",302001,priyankarawat72@gmail.com,9988776655,Net Banking
1055,2@VrWq6GyB,Priyam,Sengupta,priyamsengupta,"456, Shanti Nagar, Mumbai, 400001",400001,priyamsengupta4@gmail.com,9874563202,Net Banking
1008,H5^rPw*2Xs,Priya,Shah,priyashah,"12, Krishna Colony, Lucknow, 226001",226001,priyashah86@gmail.com,6458971230,Debit Card
1054,3V#SgHx5Wp,Pritam,Sarkar,pritamsarkar,"456, Gandhi Nagar, Delhi, 110001",110001,pritamsarkar32@gmail.com,9874562130,COD
1031,D9PnXv*7Yq,Pranav,Rao,pranavrao,"67, Tulsi Vihar, Patna, 800001",800001,pranavrao9@gmail.com,8177965962,Credit Card
1046,2Bn*QkRj8W,Poonam,Iyer,poonamiyer,"67, Tulsi Lane, Hyderabad, 500001",500001,poonamiyer8@gmail.com,1155223344,Net Banking
1014,7KzYf*X1tH,Pooja,Malhotra,poojamalhotra,"123, Tulip Lane, Kochi, 682001",682001,poojamalhotra82@gmail.com,6798132540,COD
1010,8Xt#Gv6PzA,Nisha,Khanna,nishakhanna,"45, Shiva Apartments, Chandigarh, 160001",160001,nishakhanna39@gmail.com,7490318265,Credit Card
1068,5TjGv#3NzX,Nikil,Patil,nikilpatil,"231, Rajaji Road, Jaipur, 302001",302001,nikilpatil2@gmail.com,7895203205,UPI
1042,3LmCv*5NqB,Neha,Das,nehadas,"456, Shanti Nagar, Mumbai, 400001",400001,nehadas47@gmail.com,3344556677,UPI
1021,7Lr$Kw*9Yg,Naveen,Kumar,naveenkumar,"101, Golden Avenue, Surat, 395001",395001,naveenkumar48@gmail.com,6543210987,UPI
1028,V#1Fj6Lr7P,Nandini,Menon,nandinimenon,"34, Green Valley, Jodhpur, 342001",342001,nandinimenon40@gmail.com,7558732300,COD
1067,8CkZsP1b*G,Murnal,Jagzap,mrunaljagzap,"56, Krishna Street, Jaipur, 302001",302001,mrunaljagzap91@gmail.com,7896512300,Net Banking
1006,K7#vCm4zJt,Meera,Choudhury,meerachoudhury,"34, Gokul Enclave, Hyderabad, 500001",500001,meerachoudhury22@gmail.com,7234568901,Debit Card
1020,E@5Jy6Cz*H,Maya,Iyer,mayaiyer,"678, Silver Lane, Raipur, 492001",492001,mayaiyer75@gmail.com,9876543210,Bank Transfer
1053,D9PnXv*7Yq,Maya,Gosh,mayagosh,"34, Gokul Enclave, Hyderabad, 500001",500001,mayagosh84@gmail.com,8745695120,Net Banking
1057,9DxWg#8sFv,Manoj,Kudkyal,manojkudkyal,"56, Krishna Street, Jaipur, 302001",302001,manojkudkyal45@gmail.com,9123598710,Debit Card
1016,9QmSx*5BtR,Kritika,Bansal,kritikabansal,"234, Garden View, Amritsar, 143001",143001,kritikabansal56@gmail.com,5081723469,Net Banking
1044,P3Gq#1HwVx,Komal,Thakur,komalthakur,"789, Rajaji Nagar, Delhi, 110001",110001,komalthakur11@gmail.com,4433221155,Net Banking
1048,4Ck#Pq5RgV,Kavya,Gupta,kavyagupta,"345, Lotus Vihar, Lucknow, 226001",226001,kavyagupta38@gmail.com,1133224455,Credit Card
1003,@2LrKu$4xZ,Kavita,Gupta,kavitagupta,"456, Ashok Nagar, Bangalore, 560001",560001,kavitagupta80@gmail.com,8362819203,COD
1047,X@6Lm4NvHs,Karthik,Nair,karthiknair,"890, Green Park, Pune, 411001",411001,karthiknair1@gmail.com,3311445522,Bank Transfer
1073,6MqS#yP7Ht,Isha,More,ishamore,"56, Krishna Street, Jaipur, 302001",302001,ishamore69@gmail.com,7884654350,Credit Card
1066,N@7Dw5Tq*F,Gayatri,Bose,gayatribose,"789, Shanti Vihar, Mumbai, 400001",400001,gayatribose7@gmail.com,7030256980,Debit Card
1059,*1TnZv@6Yg,Gaurav,Palve,gauravpalve,"890, Lakeview Road, Chennai, 600001",600001,gauravpalve73@gmail.com,9456320102,Debit Card
1018,4Wt#Xy3PnK,Diya,Das,diyadas,"89, Sun City, Nagpur, 440001",440001,diyadas99@gmail.com,9423330286,COD
1024,N@7Dw5Tq*F,Deepika,Rana,deepikarana,"23, Orchid Gardens, Varanasi, 221001",221001,deepikarana12@gmail.com,3456789012,Debit Card
1071,Jv3^NzC$5K,Debyan,Bandu,debyanbandu,"56, Ashoka Enclave, Hyderabad, 500001",500001,debyanbandu31@gmail.com,6247894654,UPI
1063,7Lr$Kw*9Yg,Balaji,Solunke,balajisolunke,"34, Gokul Enclave, Hyderabad, 500001",500001,balajisolunke5@gmail.com,7845965203,Net Banking
1052,W1s*GkRq8B,Ayan ,Chatterjee,ayanchatterjee,"789, Surya Vihar, Bangalore, 560001",560001,ayanchatterjee8@gmail.com,9674851230,Bank Transfer
1027,5SgBt*2HvR,Avinash,Reddy,avinashreddy,"789, Lakeview Heights, Thiruvananthapuram, 695001",695001,avinashreddy98@gmail.com,6789012345,Credit Card
1013,2@VrWq6GyB,Aryan,Thakur,aryanthakur,"90, Vishwa Vihar, Patna, 800001",800001,aryanthakur36@gmail.com,3485612097,UPI
1005,9DxWg#8sFv,Arjun,Kapoor,arjunkapoor,"67, Civil Lines, Jaipur, 302001",302001,arjunkapoor27@gmail.com,8945123670,Net Banking
1050,3&Hs^Y7mDv,Arghya,Dey,arghyadey,"231, Rajaji Street, Chennai, 600001",600001,arghyadey321@gmail.com,9785963020,COD
1049,J9Hw#3QmBv,Anshul,Shah,anshulshah,"12, Gandhi Colony, Ahmedabad, 380001",380001,anshulshah91@gmail.com,2233441155,Debit Card
1041,O2Zt#Xw1Kp,Ankit,Mishra,ankitmishra,"123, Lake View Road, Kolkata, 700001",700001,ankitmishra35@gmail.com,9420660051,Credit Card
1002,3&Hs^Y7mDv,Aniket,Singh,aniketsingh,"789, Shanti Vihar, Mumbai, 400001",400001,aniketsingh58@gmail.com,7654321098,Net Banking
1056,7KzYf*X1tH,Aniket,Dhandge,aniketdhandge,"789, Shanti Vihar, Mumbai, 400001",400001,aniketdhandge6@gmail.com,9620320120,Net Banking
1019,1Gp$Bv8RwQ,Anand,Rajan,anandrajan,"345, Diamond Park, Kanpur, 208001",208001,anandrajan79@gmail.com,9732607086,Credit Card
1039,F@8Wp4CzHx,Akshay,Patel,akshaypatel,"789, Surya Vihar, Bangalore, 560001",560001,akshaypatel86@gmail.com,8177801230,Credit Card
1040,9Sb#Qv6GmT,Aisha,Khan,aishakhan,"34, Civil Lines, Chennai, 600001",600001,aishakhan21@gmail.com,8830959460,Net Banking
1035,xA9@Cz6DvQ,Aditya,Verma,adityaverma,"890, Lakeview Road, Chennai, 600001",600001,adityaverma44@gmail.com,7788990011,COD
1004,6Pb@QsXf1J,Aditi,Reddy,aditireddy,"231, Rajaji Street, Chennai, 600001",600001,aditireddy54@gmail.com,6302175489,Net Banking
1060,H5^rPw*2Xs,Abhishek,Dodke,abhishekdodke,"12, Gandhi Colony, Ahmedabad, 380001",380001,abhishekdodke19@gmail.com,9020306589,Credit Card
1058,K7#vCm4zJt,Aakansha,Bhavsar,aakanshabhavasr,"67, Tulsi Lane, Hyderabad, 500001",500001,aakanshabhavasr23@gmail.com,9752632021,UPI
